<?xml version="1.0" encoding="UTF-8"?>
<project-private xmlns="http://www.netbeans.org/ns/project-private/1">
    <editor-bookmarks xmlns="http://www.netbeans.org/ns/editor-bookmarks/2" lastBookmarkId="0"/>
    <open-files xmlns="http://www.netbeans.org/ns/projectui-open-files/2">
        <group>
            <file>file:/home/cps-student-19/cps_is_fun/Lab%2002/Lab02_Interrupts_Timers.X/include/led.h</file>
            <file>file:/home/cps-student-19/cps_is_fun/Lab%2002/Lab02_Interrupts_Timers.X/include/types.h</file>
            <file>file:/home/cps-student-19/cps_is_fun/Lab%2002/Lab02_Interrupts_Timers.X/include/lcd.h</file>
            <file>file:/home/cps-student-19/cps_is_fun/Lab%2002/Lab02_Interrupts_Timers.X/include/lab02.h</file>
            <file>file:/home/cps-student-19/cps_is_fun/Lab%2002/Lab02_Interrupts_Timers.X/src/led.c</file>
            <file>file:/home/cps-student-19/cps_is_fun/Lab%2002/Lab02_Interrupts_Timers.X/src/lab02.c</file>
        </group>
    </open-files>
</project-private>
